period_date,community_id,community_name,current_total,previous_total,change,status
2026-09-01,ASTR,Aster Hollow,22708,22656,52,complete
2026-09-01,BRYK,Bryn Creek,32745,32642,103,complete
2026-09-01,CIRR,Cirrus Landing,26779,26859,-80,complete
2026-09-01,DRFT,Driftwood Vale,39122,38826,296,complete
2026-09-01,ECHO,Echo Meadow,22866,22705,161,complete
2026-09-01,FERN,Fernhaven,31530,31625,-95,complete
2026-09-01,GOLD,Goldleaf Quay,34941,34906,35,provisional
2026-09-01,HUSH,Hush River,25404,25477,-73,complete
2026-09-01,INDI,Indigo Point,27924,27853,71,complete
