period_date,period,community_id,community_name,collection_family,opening_count,added,withdrawn,transferred_in,transferred_out,closing_count,expected_closing,reconciliation_delta,data_status,quality_note,is_latest
2025-10-01,2025-10,ASTR,Aster Hollow,adult_print,11792,15,130,0,0,11677,11677,0,Complete,,FALSE
2025-10-01,2025-10,ASTR,Aster Hollow,youth_print,7417,59,89,0,0,7387,7387,0,Complete,,FALSE
2025-10-01,2025-10,ASTR,Aster Hollow,audio_video,3192,33,18,0,0,3207,3207,0,Complete,,FALSE
2025-10-01,2025-10,ASTR,Aster Hollow,community_kits,397,4,1,0,0,400,400,0,Complete,,FALSE
2025-10-01,2025-10,BRYK,Bryn Creek,adult_print,17376,195,138,0,0,17433,17433,0,Complete,,FALSE
2025-10-01,2025-10,BRYK,Bryn Creek,youth_print,10463,40,124,0,0,10379,10379,0,Complete,,FALSE
2025-10-01,2025-10,BRYK,Bryn Creek,audio_video,4071,2,18,13,0,4068,4068,0,Complete,,FALSE
2025-10-01,2025-10,BRYK,Bryn Creek,community_kits,651,9,2,0,0,658,658,0,Complete,,FALSE
2025-10-01,2025-10,CIRR,Cirrus Landing,adult_print,12909,5,148,0,0,12766,12766,0,Complete,,FALSE
2025-10-01,2025-10,CIRR,Cirrus Landing,youth_print,9339,59,10,11,0,9399,9399,0,Complete,,FALSE
2025-10-01,2025-10,CIRR,Cirrus Landing,audio_video,3741,14,22,0,13,3720,3720,0,Complete,,FALSE
2025-10-01,2025-10,CIRR,Cirrus Landing,community_kits,522,2,6,4,0,522,522,0,Complete,,FALSE
2025-10-01,2025-10,DRFT,Driftwood Vale,adult_print,19553,56,106,20,0,19523,19523,0,Complete,,FALSE
2025-10-01,2025-10,DRFT,Driftwood Vale,youth_print,13331,165,148,0,0,13348,13348,0,Complete,,FALSE
2025-10-01,2025-10,DRFT,Driftwood Vale,audio_video,4883,54,6,0,13,4918,4918,0,Complete,,FALSE
2025-10-01,2025-10,DRFT,Driftwood Vale,community_kits,744,2,7,0,0,739,739,0,Complete,,FALSE
2025-10-01,2025-10,ECHO,Echo Meadow,adult_print,11365,12,4,0,0,11373,11373,0,Complete,,FALSE
2025-10-01,2025-10,ECHO,Echo Meadow,youth_print,7280,23,57,5,11,7240,7240,0,Complete,,FALSE
2025-10-01,2025-10,ECHO,Echo Meadow,audio_video,3073,36,22,0,0,3087,3087,0,Complete,,FALSE
2025-10-01,2025-10,ECHO,Echo Meadow,community_kits,384,5,0,16,0,405,405,0,Complete,,FALSE
2025-10-01,2025-10,FERN,Fernhaven,adult_print,16951,113,203,0,15,16846,16846,0,Complete,,FALSE
2025-10-01,2025-10,FERN,Fernhaven,youth_print,10289,114,131,0,0,10272,10272,0,Complete,,FALSE
2025-10-01,2025-10,FERN,Fernhaven,audio_video,4369,6,54,13,0,4334,4334,0,Complete,,FALSE
2025-10-01,2025-10,FERN,Fernhaven,community_kits,542,8,7,0,0,543,543,0,Complete,,FALSE
2025-10-01,2025-10,GOLD,Goldleaf Quay,adult_print,17554,34,67,0,5,17516,17516,0,Complete,,FALSE
2025-10-01,2025-10,GOLD,Goldleaf Quay,youth_print,11948,166,55,0,5,12054,12054,0,Complete,,FALSE
2025-10-01,2025-10,GOLD,Goldleaf Quay,audio_video,5031,28,35,0,0,5024,5024,0,Complete,,FALSE
2025-10-01,2025-10,GOLD,Goldleaf Quay,community_kits,695,1,4,0,4,688,688,0,Complete,,FALSE
2025-10-01,2025-10,HUSH,Hush River,adult_print,13342,148,133,0,0,13357,13357,0,Complete,,FALSE
2025-10-01,2025-10,HUSH,Hush River,youth_print,8159,13,77,0,0,8095,8095,0,Complete,,FALSE
2025-10-01,2025-10,HUSH,Hush River,audio_video,3112,20,4,0,0,3128,3128,0,Complete,,FALSE
2025-10-01,2025-10,HUSH,Hush River,community_kits,480,1,3,0,16,462,462,0,Complete,,FALSE
2025-10-01,2025-10,INDI,Indigo Point,adult_print,14684,157,165,0,0,14676,14676,0,Complete,,FALSE
2025-10-01,2025-10,INDI,Indigo Point,youth_print,9329,75,49,0,0,9355,9355,0,Complete,,FALSE
2025-10-01,2025-10,INDI,Indigo Point,audio_video,3818,51,2,0,0,3867,3867,0,Complete,,FALSE
2025-10-01,2025-10,INDI,Indigo Point,community_kits,0,0,0,0,0,0,0,0,Complete,,FALSE
2025-11-01,2025-11,ASTR,Aster Hollow,adult_print,11677,149,144,0,0,11682,11682,0,Complete,,FALSE
2025-11-01,2025-11,ASTR,Aster Hollow,youth_print,7387,30,94,0,0,7323,7323,0,Complete,,FALSE
2025-11-01,2025-11,ASTR,Aster Hollow,audio_video,3207,2,4,0,0,3205,3205,0,Complete,,FALSE
2025-11-01,2025-11,ASTR,Aster Hollow,community_kits,400,5,4,0,0,401,401,0,Complete,,FALSE
2025-11-01,2025-11,BRYK,Bryn Creek,adult_print,17433,104,163,0,0,17374,17374,0,Complete,,FALSE
2025-11-01,2025-11,BRYK,Bryn Creek,youth_print,10379,56,24,0,0,10411,10411,0,Complete,,FALSE
2025-11-01,2025-11,BRYK,Bryn Creek,audio_video,4068,15,31,0,0,4052,4052,0,Complete,,FALSE
2025-11-01,2025-11,BRYK,Bryn Creek,community_kits,658,7,5,0,0,660,660,0,Complete,,FALSE
2025-11-01,2025-11,CIRR,Cirrus Landing,adult_print,12766,27,11,11,0,12793,12793,0,Complete,,FALSE
2025-11-01,2025-11,CIRR,Cirrus Landing,youth_print,9399,127,0,3,0,9529,9529,0,Complete,,FALSE
2025-11-01,2025-11,CIRR,Cirrus Landing,audio_video,3720,52,14,8,2,3764,3764,0,Complete,,FALSE
2025-11-01,2025-11,CIRR,Cirrus Landing,community_kits,522,1,3,0,0,520,520,0,Complete,,FALSE
2025-11-01,2025-11,DRFT,Driftwood Vale,adult_print,19523,34,119,0,0,19438,19438,0,Complete,,FALSE
2025-11-01,2025-11,DRFT,Driftwood Vale,youth_print,13348,102,74,0,0,13376,13376,0,Complete,,FALSE
2025-11-01,2025-11,DRFT,Driftwood Vale,audio_video,4918,21,54,0,0,4885,4885,0,Complete,,FALSE
2025-11-01,2025-11,DRFT,Driftwood Vale,community_kits,739,9,2,0,0,746,746,0,Complete,,FALSE
2025-11-01,2025-11,ECHO,Echo Meadow,adult_print,11373,145,111,0,0,11407,11407,0,Complete,,FALSE
2025-11-01,2025-11,ECHO,Echo Meadow,youth_print,7240,12,48,9,0,7213,7213,0,Complete,,FALSE
2025-11-01,2025-11,ECHO,Echo Meadow,audio_video,3087,42,34,2,0,3097,3097,0,Complete,,FALSE
2025-11-01,2025-11,ECHO,Echo Meadow,community_kits,405,5,4,17,0,423,423,0,Complete,,FALSE
2025-11-01,2025-11,FERN,Fernhaven,adult_print,16846,148,194,17,0,16817,16817,0,Complete,,FALSE
2025-11-01,2025-11,FERN,Fernhaven,youth_print,10272,48,63,0,9,10248,10248,0,Complete,,FALSE
2025-11-01,2025-11,FERN,Fernhaven,audio_video,4334,48,52,0,0,4330,4330,0,Complete,,FALSE
2025-11-01,2025-11,FERN,Fernhaven,community_kits,543,2,0,0,17,528,528,0,Complete,,FALSE
2025-11-01,2025-11,GOLD,Goldleaf Quay,adult_print,17516,118,88,0,17,17529,17529,0,Complete,,FALSE
2025-11-01,2025-11,GOLD,Goldleaf Quay,youth_print,12054,13,54,0,0,12013,12013,0,Complete,,FALSE
2025-11-01,2025-11,GOLD,Goldleaf Quay,audio_video,5024,56,47,0,0,5033,5033,0,Complete,,FALSE
2025-11-01,2025-11,GOLD,Goldleaf Quay,community_kits,688,0,0,0,13,675,675,0,Complete,,FALSE
2025-11-01,2025-11,HUSH,Hush River,adult_print,13357,164,90,0,0,13431,13431,0,Complete,,FALSE
2025-11-01,2025-11,HUSH,Hush River,youth_print,8095,100,12,0,0,8183,8183,0,Complete,,FALSE
2025-11-01,2025-11,HUSH,Hush River,audio_video,3128,33,2,0,0,3159,3159,0,Complete,,FALSE
2025-11-01,2025-11,HUSH,Hush River,community_kits,462,3,0,0,0,465,465,0,Complete,,FALSE
2025-11-01,2025-11,INDI,Indigo Point,adult_print,14676,104,18,0,11,14751,14751,0,Complete,,FALSE
2025-11-01,2025-11,INDI,Indigo Point,youth_print,9355,115,2,0,3,9465,9465,0,Complete,,FALSE
2025-11-01,2025-11,INDI,Indigo Point,audio_video,3867,47,2,0,8,3904,3904,0,Complete,,FALSE
2025-11-01,2025-11,INDI,Indigo Point,community_kits,0,73,0,13,0,86,86,0,Complete,,FALSE
2025-12-01,2025-12,ASTR,Aster Hollow,adult_print,11682,149,70,16,0,11777,11777,0,Complete,,FALSE
2025-12-01,2025-12,ASTR,Aster Hollow,youth_print,7323,17,89,0,17,7234,7234,0,Complete,,FALSE
2025-12-01,2025-12,ASTR,Aster Hollow,audio_video,3205,9,39,0,0,3175,3175,0,Complete,,FALSE
2025-12-01,2025-12,ASTR,Aster Hollow,community_kits,401,3,4,0,0,400,400,0,Complete,,FALSE
2025-12-01,2025-12,BRYK,Bryn Creek,adult_print,17374,117,187,0,0,17304,17304,0,Complete,,FALSE
2025-12-01,2025-12,BRYK,Bryn Creek,youth_print,10411,66,9,0,0,10468,10468,0,Complete,,FALSE
2025-12-01,2025-12,BRYK,Bryn Creek,audio_video,4052,19,2,0,0,4069,4069,0,Complete,,FALSE
2025-12-01,2025-12,BRYK,Bryn Creek,community_kits,660,0,3,0,0,657,657,0,Complete,,FALSE
2025-12-01,2025-12,CIRR,Cirrus Landing,adult_print,12793,141,45,0,0,12889,12889,0,Complete,,FALSE
2025-12-01,2025-12,CIRR,Cirrus Landing,youth_print,9529,92,65,11,0,9567,9567,0,Complete,,FALSE
2025-12-01,2025-12,CIRR,Cirrus Landing,audio_video,3764,30,30,0,0,3764,3764,0,Complete,,FALSE
2025-12-01,2025-12,CIRR,Cirrus Landing,community_kits,520,4,6,0,0,518,518,0,Complete,,FALSE
2025-12-01,2025-12,DRFT,Driftwood Vale,adult_print,19438,263,161,0,0,19540,19540,0,Complete,,FALSE
2025-12-01,2025-12,DRFT,Driftwood Vale,youth_print,13376,143,26,0,0,13493,13493,0,Complete,,FALSE
2025-12-01,2025-12,DRFT,Driftwood Vale,audio_video,4885,18,58,0,15,4830,4830,0,Complete,,FALSE
2025-12-01,2025-12,DRFT,Driftwood Vale,community_kits,746,9,8,0,0,747,747,0,Complete,,FALSE
2025-12-01,2025-12,ECHO,Echo Meadow,adult_print,11407,126,3,0,2,11528,11528,0,Complete,,FALSE
2025-12-01,2025-12,ECHO,Echo Meadow,youth_print,7213,81,3,0,0,7291,7291,0,Complete,,FALSE
2025-12-01,2025-12,ECHO,Echo Meadow,audio_video,3097,4,35,0,13,3053,3053,0,Complete,,FALSE
2025-12-01,2025-12,ECHO,Echo Meadow,community_kits,423,1,0,6,0,430,430,0,Complete,,FALSE
2025-12-01,2025-12,FERN,Fernhaven,adult_print,16817,8,206,0,0,16619,16619,0,Complete,,FALSE
2025-12-01,2025-12,FERN,Fernhaven,youth_print,10248,62,15,17,0,10312,10312,0,Complete,,FALSE
2025-12-01,2025-12,FERN,Fernhaven,audio_video,4330,39,6,13,0,4376,4376,0,Complete,,FALSE
2025-12-01,2025-12,FERN,Fernhaven,community_kits,528,5,0,0,18,515,515,0,Complete,,FALSE
2025-12-01,2025-12,GOLD,Goldleaf Quay,adult_print,17529,124,175,0,16,17462,17462,0,Complete,,FALSE
2025-12-01,2025-12,GOLD,Goldleaf Quay,youth_print,12013,152,147,0,11,12007,12007,0,Complete,,FALSE
2025-12-01,2025-12,GOLD,Goldleaf Quay,audio_video,5033,48,13,0,0,5068,5068,0,Complete,,FALSE
2025-12-01,2025-12,GOLD,Goldleaf Quay,community_kits,675,9,8,0,0,676,676,0,Complete,,FALSE
2025-12-01,2025-12,HUSH,Hush River,adult_print,13431,44,27,0,0,13448,13448,0,Complete,,FALSE
2025-12-01,2025-12,HUSH,Hush River,youth_print,8183,109,82,0,0,8210,8210,0,Complete,,FALSE
2025-12-01,2025-12,HUSH,Hush River,audio_video,3159,24,16,0,0,3167,3167,0,Complete,,FALSE
2025-12-01,2025-12,HUSH,Hush River,community_kits,465,6,2,12,0,481,481,0,Complete,,FALSE
2025-12-01,2025-12,INDI,Indigo Point,adult_print,14751,84,144,2,0,14693,14693,0,Complete,,FALSE
2025-12-01,2025-12,INDI,Indigo Point,youth_print,9465,102,109,0,0,9458,9458,0,Complete,,FALSE
2025-12-01,2025-12,INDI,Indigo Point,audio_video,3904,8,20,15,0,3907,3907,0,Complete,,FALSE
2025-12-01,2025-12,INDI,Indigo Point,community_kits,86,0,2,0,0,84,84,0,Complete,,FALSE
2026-01-01,2026-01,ASTR,Aster Hollow,adult_print,11777,305,95,2,0,11989,11989,0,Complete,,FALSE
2026-01-01,2026-01,ASTR,Aster Hollow,youth_print,7234,45,36,0,15,7228,7228,0,Complete,,FALSE
2026-01-01,2026-01,ASTR,Aster Hollow,audio_video,3175,43,34,0,0,3184,3184,0,Complete,,FALSE
2026-01-01,2026-01,ASTR,Aster Hollow,community_kits,400,3,3,0,8,392,392,0,Complete,,FALSE
2026-01-01,2026-01,BRYK,Bryn Creek,adult_print,17304,28,28,0,0,17304,17304,0,Complete,,FALSE
2026-01-01,2026-01,BRYK,Bryn Creek,youth_print,10468,70,36,15,0,10517,10517,0,Complete,,FALSE
2026-01-01,2026-01,BRYK,Bryn Creek,audio_video,4069,40,35,0,0,4074,4074,0,Complete,,FALSE
2026-01-01,2026-01,BRYK,Bryn Creek,community_kits,657,4,7,0,0,654,654,0,Complete,,FALSE
2026-01-01,2026-01,CIRR,Cirrus Landing,adult_print,12889,78,24,14,0,12957,12957,0,Complete,,FALSE
2026-01-01,2026-01,CIRR,Cirrus Landing,youth_print,9567,114,38,4,0,9647,9647,0,Complete,,FALSE
2026-01-01,2026-01,CIRR,Cirrus Landing,audio_video,3764,46,20,0,0,3790,3790,0,Complete,,FALSE
2026-01-01,2026-01,CIRR,Cirrus Landing,community_kits,518,3,3,8,0,526,526,0,Complete,,FALSE
2026-01-01,2026-01,DRFT,Driftwood Vale,adult_print,19540,218,95,0,0,19663,19663,0,Complete,,FALSE
2026-01-01,2026-01,DRFT,Driftwood Vale,youth_print,13493,81,85,0,0,13489,13489,0,Complete,,FALSE
2026-01-01,2026-01,DRFT,Driftwood Vale,audio_video,4830,34,59,0,0,4805,4805,0,Complete,,FALSE
2026-01-01,2026-01,DRFT,Driftwood Vale,community_kits,747,2,8,0,8,733,733,0,Complete,,FALSE
2026-01-01,2026-01,ECHO,Echo Meadow,adult_print,11528,87,42,0,0,11573,11573,0,Complete,,FALSE
2026-01-01,2026-01,ECHO,Echo Meadow,youth_print,7291,45,19,0,0,7317,7317,0,Complete,,FALSE
2026-01-01,2026-01,ECHO,Echo Meadow,audio_video,3053,34,38,12,0,3061,3061,0,Complete,,FALSE
2026-01-01,2026-01,ECHO,Echo Meadow,community_kits,430,0,3,0,0,427,427,0,Complete,,FALSE
2026-01-01,2026-01,FERN,Fernhaven,adult_print,16619,152,190,0,0,16581,16581,0,Complete,,FALSE
2026-01-01,2026-01,FERN,Fernhaven,youth_print,10312,13,102,0,0,10223,10223,0,Complete,,FALSE
2026-01-01,2026-01,FERN,Fernhaven,audio_video,4376,2,49,0,0,4329,4329,0,Complete,,FALSE
2026-01-01,2026-01,FERN,Fernhaven,community_kits,515,7,7,8,0,523,523,0,Complete,,FALSE
2026-01-01,2026-01,GOLD,Goldleaf Quay,adult_print,17462,141,13,0,14,17576,17576,0,Complete,,FALSE
2026-01-01,2026-01,GOLD,Goldleaf Quay,youth_print,12007,143,79,0,4,12067,12067,0,Complete,,FALSE
2026-01-01,2026-01,GOLD,Goldleaf Quay,audio_video,5068,34,41,0,12,5049,5049,0,Complete,,FALSE
2026-01-01,2026-01,GOLD,Goldleaf Quay,community_kits,676,7,7,0,0,676,676,0,Complete,,FALSE
2026-01-01,2026-01,HUSH,Hush River,adult_print,13448,125,129,0,2,13442,13442,0,Complete,,FALSE
2026-01-01,2026-01,HUSH,Hush River,youth_print,8210,100,97,0,0,8213,8213,0,Complete,,FALSE
2026-01-01,2026-01,HUSH,Hush River,audio_video,3167,26,37,0,4,3152,3152,0,Complete,,FALSE
2026-01-01,2026-01,HUSH,Hush River,community_kits,481,0,0,0,0,481,481,0,Complete,,FALSE
2026-01-01,2026-01,INDI,Indigo Point,adult_print,14693,29,73,0,0,14649,14649,0,Complete,,FALSE
2026-01-01,2026-01,INDI,Indigo Point,youth_print,9458,56,8,0,0,9506,9506,0,Complete,,FALSE
2026-01-01,2026-01,INDI,Indigo Point,audio_video,3907,3,50,4,0,3864,3864,0,Complete,,FALSE
2026-01-01,2026-01,INDI,Indigo Point,community_kits,84,2,2,0,0,84,84,0,Complete,,FALSE
2026-02-01,2026-02,ASTR,Aster Hollow,adult_print,11989,31,127,0,0,11893,11893,0,Complete,,FALSE
2026-02-01,2026-02,ASTR,Aster Hollow,youth_print,7228,6,83,0,7,7144,7144,0,Complete,,FALSE
2026-02-01,2026-02,ASTR,Aster Hollow,audio_video,3184,13,19,0,0,3178,3178,0,Complete,,FALSE
2026-02-01,2026-02,ASTR,Aster Hollow,community_kits,392,2,4,11,0,401,401,0,Complete,,FALSE
2026-02-01,2026-02,BRYK,Bryn Creek,adult_print,17304,47,33,0,16,17302,17302,0,Complete,,FALSE
2026-02-01,2026-02,BRYK,Bryn Creek,youth_print,10517,118,32,0,12,10591,10591,0,Complete,,FALSE
2026-02-01,2026-02,BRYK,Bryn Creek,audio_video,4074,43,5,0,8,4104,4104,0,Complete,,FALSE
2026-02-01,2026-02,BRYK,Bryn Creek,community_kits,654,8,6,0,11,645,645,0,Complete,,FALSE
2026-02-01,2026-02,CIRR,Cirrus Landing,adult_print,12957,54,100,0,0,12911,12911,0,Complete,,FALSE
2026-02-01,2026-02,CIRR,Cirrus Landing,youth_print,9647,81,14,0,0,9714,9714,0,Complete,,FALSE
2026-02-01,2026-02,CIRR,Cirrus Landing,audio_video,3790,37,,0,0,3810,,,Change incomplete,withdrawal_log_unavailable,FALSE
2026-02-01,2026-02,CIRR,Cirrus Landing,community_kits,526,3,5,0,0,524,524,0,Complete,,FALSE
2026-02-01,2026-02,DRFT,Driftwood Vale,adult_print,19663,54,179,0,0,19538,19538,0,Complete,,FALSE
2026-02-01,2026-02,DRFT,Driftwood Vale,youth_print,13489,178,13,12,0,13666,13666,0,Complete,,FALSE
2026-02-01,2026-02,DRFT,Driftwood Vale,audio_video,4805,64,37,0,0,4832,4832,0,Complete,,FALSE
2026-02-01,2026-02,DRFT,Driftwood Vale,community_kits,733,3,9,0,0,727,727,0,Complete,,FALSE
2026-02-01,2026-02,ECHO,Echo Meadow,adult_print,11573,75,45,0,0,11603,11603,0,Complete,,FALSE
2026-02-01,2026-02,ECHO,Echo Meadow,youth_print,7317,28,69,7,0,7283,7283,0,Complete,,FALSE
2026-02-01,2026-02,ECHO,Echo Meadow,audio_video,3061,3,34,0,0,3030,3030,0,Complete,,FALSE
2026-02-01,2026-02,ECHO,Echo Meadow,community_kits,427,6,4,0,0,429,429,0,Complete,,FALSE
2026-02-01,2026-02,FERN,Fernhaven,adult_print,16581,96,76,32,0,16633,16633,0,Complete,,FALSE
2026-02-01,2026-02,FERN,Fernhaven,youth_print,10223,104,53,0,0,10274,10274,0,Complete,,FALSE
2026-02-01,2026-02,FERN,Fernhaven,audio_video,4329,33,0,0,15,4347,4347,0,Complete,,FALSE
2026-02-01,2026-02,FERN,Fernhaven,community_kits,523,1,4,10,0,530,530,0,Complete,,FALSE
2026-02-01,2026-02,GOLD,Goldleaf Quay,adult_print,17576,125,65,0,16,17620,17620,0,Complete,,FALSE
2026-02-01,2026-02,GOLD,Goldleaf Quay,youth_print,12067,28,105,0,0,11990,11990,0,Complete,,FALSE
2026-02-01,2026-02,GOLD,Goldleaf Quay,audio_video,5049,21,63,8,0,5015,5015,0,Complete,,FALSE
2026-02-01,2026-02,GOLD,Goldleaf Quay,community_kits,676,9,0,0,10,675,675,0,Complete,,FALSE
2026-02-01,2026-02,HUSH,Hush River,adult_print,13442,20,30,0,0,13432,13432,0,Complete,,FALSE
2026-02-01,2026-02,HUSH,Hush River,youth_print,8213,53,22,0,0,8244,8244,0,Complete,,FALSE
2026-02-01,2026-02,HUSH,Hush River,audio_video,3152,32,41,15,0,3158,3158,0,Complete,,FALSE
2026-02-01,2026-02,HUSH,Hush River,community_kits,481,4,0,0,0,485,485,0,Complete,,FALSE
2026-02-01,2026-02,INDI,Indigo Point,adult_print,14649,4,190,0,0,14463,14463,0,Complete,,FALSE
2026-02-01,2026-02,INDI,Indigo Point,youth_print,9506,29,84,0,0,9451,9451,0,Complete,,FALSE
2026-02-01,2026-02,INDI,Indigo Point,audio_video,3864,35,18,0,0,3881,3881,0,Complete,,FALSE
2026-02-01,2026-02,INDI,Indigo Point,community_kits,84,0,3,0,0,81,81,0,Complete,,FALSE
2026-03-01,2026-03,ASTR,Aster Hollow,adult_print,11893,8,116,0,0,11785,11785,0,Complete,,FALSE
2026-03-01,2026-03,ASTR,Aster Hollow,youth_print,7144,22,62,8,0,7112,7112,0,Complete,,FALSE
2026-03-01,2026-03,ASTR,Aster Hollow,audio_video,3178,44,41,0,12,3169,3169,0,Complete,,FALSE
2026-03-01,2026-03,ASTR,Aster Hollow,community_kits,401,6,5,16,3,415,415,0,Complete,,FALSE
2026-03-01,2026-03,BRYK,Bryn Creek,adult_print,17302,44,64,12,0,17294,17294,0,Complete,,FALSE
2026-03-01,2026-03,BRYK,Bryn Creek,youth_print,10591,12,103,0,7,10493,10493,0,Complete,,FALSE
2026-03-01,2026-03,BRYK,Bryn Creek,audio_video,4104,28,50,0,3,4079,4079,0,Complete,,FALSE
2026-03-01,2026-03,BRYK,Bryn Creek,community_kits,645,9,1,0,0,653,653,0,Complete,,FALSE
2026-03-01,2026-03,CIRR,Cirrus Landing,adult_print,12911,178,95,0,12,12982,12982,0,Complete,,FALSE
2026-03-01,2026-03,CIRR,Cirrus Landing,youth_print,9714,0,78,0,0,9636,9636,0,Complete,,FALSE
2026-03-01,2026-03,CIRR,Cirrus Landing,audio_video,3810,42,43,0,0,3809,3809,0,Complete,,FALSE
2026-03-01,2026-03,CIRR,Cirrus Landing,community_kits,524,1,7,0,0,518,518,0,Complete,,FALSE
2026-03-01,2026-03,DRFT,Driftwood Vale,adult_print,19538,80,15,15,0,19618,19618,0,Complete,,FALSE
2026-03-01,2026-03,DRFT,Driftwood Vale,youth_print,13666,4,163,0,0,13507,13507,0,Complete,,FALSE
2026-03-01,2026-03,DRFT,Driftwood Vale,audio_video,4832,19,39,3,0,4815,4815,0,Complete,,FALSE
2026-03-01,2026-03,DRFT,Driftwood Vale,community_kits,727,8,4,3,0,734,734,0,Complete,,FALSE
2026-03-01,2026-03,ECHO,Echo Meadow,adult_print,11603,107,70,0,0,11640,11640,0,Complete,,FALSE
2026-03-01,2026-03,ECHO,Echo Meadow,youth_print,7283,16,76,0,0,7223,7223,0,Complete,,FALSE
2026-03-01,2026-03,ECHO,Echo Meadow,audio_video,3030,4,33,0,0,3001,3001,0,Complete,,FALSE
2026-03-01,2026-03,ECHO,Echo Meadow,community_kits,429,5,0,0,0,434,434,0,Complete,,FALSE
2026-03-01,2026-03,FERN,Fernhaven,adult_print,16633,207,113,0,0,16727,16727,0,Complete,,FALSE
2026-03-01,2026-03,FERN,Fernhaven,youth_print,10274,23,107,7,0,10197,10197,0,Complete,,FALSE
2026-03-01,2026-03,FERN,Fernhaven,audio_video,4347,24,0,0,0,4371,4371,0,Complete,,FALSE
2026-03-01,2026-03,FERN,Fernhaven,community_kits,530,4,6,0,0,528,528,0,Complete,,FALSE
2026-03-01,2026-03,GOLD,Goldleaf Quay,adult_print,17620,120,6,0,15,17719,17719,0,Complete,,FALSE
2026-03-01,2026-03,GOLD,Goldleaf Quay,youth_print,11990,0,44,0,0,11946,11946,0,Complete,,FALSE
2026-03-01,2026-03,GOLD,Goldleaf Quay,audio_video,5015,7,30,12,0,5004,5004,0,Complete,,FALSE
2026-03-01,2026-03,GOLD,Goldleaf Quay,community_kits,675,5,7,0,0,673,673,0,Complete,,FALSE
2026-03-01,2026-03,HUSH,Hush River,adult_print,13432,137,107,0,0,13462,13462,0,Complete,,FALSE
2026-03-01,2026-03,HUSH,Hush River,youth_print,8244,60,18,0,8,8278,8278,0,Complete,,FALSE
2026-03-01,2026-03,HUSH,Hush River,audio_video,3158,43,35,0,0,3166,3166,0,Complete,,FALSE
2026-03-01,2026-03,HUSH,Hush River,community_kits,485,2,3,0,0,484,484,0,Complete,,FALSE
2026-03-01,2026-03,INDI,Indigo Point,adult_print,14463,112,31,0,0,14544,14544,0,Complete,,FALSE
2026-03-01,2026-03,INDI,Indigo Point,youth_print,9451,65,43,0,0,9473,9473,0,Complete,,FALSE
2026-03-01,2026-03,INDI,Indigo Point,audio_video,3881,48,16,0,0,3913,3913,0,Complete,,FALSE
2026-03-01,2026-03,INDI,Indigo Point,community_kits,81,0,0,0,16,65,65,0,Complete,,FALSE
2026-04-01,2026-04,ASTR,Aster Hollow,adult_print,11785,163,22,0,0,11926,11926,0,Complete,,FALSE
2026-04-01,2026-04,ASTR,Aster Hollow,youth_print,7112,72,7,0,0,7177,7177,0,Complete,,FALSE
2026-04-01,2026-04,ASTR,Aster Hollow,audio_video,3169,32,10,0,8,3183,3183,0,Complete,,FALSE
2026-04-01,2026-04,ASTR,Aster Hollow,community_kits,415,6,2,0,0,419,419,0,Complete,,FALSE
2026-04-01,2026-04,BRYK,Bryn Creek,adult_print,17294,95,222,0,0,17167,17167,0,Complete,,FALSE
2026-04-01,2026-04,BRYK,Bryn Creek,youth_print,10493,29,80,0,0,10442,10442,0,Complete,,FALSE
2026-04-01,2026-04,BRYK,Bryn Creek,audio_video,4079,44,10,0,0,4113,4113,0,Complete,,FALSE
2026-04-01,2026-04,BRYK,Bryn Creek,community_kits,653,3,5,0,6,645,645,0,Complete,,FALSE
2026-04-01,2026-04,CIRR,Cirrus Landing,adult_print,12982,47,64,0,0,12965,12965,0,Complete,,FALSE
2026-04-01,2026-04,CIRR,Cirrus Landing,youth_print,9636,66,118,0,0,9584,9584,0,Complete,,FALSE
2026-04-01,2026-04,CIRR,Cirrus Landing,audio_video,3809,51,41,8,0,3827,3827,0,Complete,,FALSE
2026-04-01,2026-04,CIRR,Cirrus Landing,community_kits,518,0,6,0,0,512,512,0,Complete,,FALSE
2026-04-01,2026-04,DRFT,Driftwood Vale,adult_print,19618,233,170,8,0,19689,19689,0,Complete,,FALSE
2026-04-01,2026-04,DRFT,Driftwood Vale,youth_print,13507,29,96,0,0,13440,13440,0,Complete,,FALSE
2026-04-01,2026-04,DRFT,Driftwood Vale,audio_video,4815,7,39,0,0,4783,4783,0,Complete,,FALSE
2026-04-01,2026-04,DRFT,Driftwood Vale,community_kits,734,9,1,0,16,726,726,0,Complete,,FALSE
2026-04-01,2026-04,ECHO,Echo Meadow,adult_print,,,,,,,,,Missing closing,report_not_received,FALSE
2026-04-01,2026-04,ECHO,Echo Meadow,youth_print,,,,,,,,,Missing closing,report_not_received,FALSE
2026-04-01,2026-04,ECHO,Echo Meadow,audio_video,,,,,,,,,Missing closing,report_not_received,FALSE
2026-04-01,2026-04,ECHO,Echo Meadow,community_kits,,,,,,,,,Missing closing,report_not_received,FALSE
2026-04-01,2026-04,FERN,Fernhaven,adult_print,16727,150,202,0,0,16675,16675,0,Complete,,FALSE
2026-04-01,2026-04,FERN,Fernhaven,youth_print,10197,14,3,18,0,10226,10226,0,Complete,,FALSE
2026-04-01,2026-04,FERN,Fernhaven,audio_video,4371,12,10,0,0,4373,4373,0,Complete,,FALSE
2026-04-01,2026-04,FERN,Fernhaven,community_kits,528,7,1,0,0,534,534,0,Complete,,FALSE
2026-04-01,2026-04,GOLD,Goldleaf Quay,adult_print,17719,14,26,2,0,17709,17709,0,Complete,,FALSE
2026-04-01,2026-04,GOLD,Goldleaf Quay,youth_print,11946,30,15,0,8,11953,11953,0,Complete,,FALSE
2026-04-01,2026-04,GOLD,Goldleaf Quay,audio_video,5004,6,33,0,0,4977,4977,0,Complete,,FALSE
2026-04-01,2026-04,GOLD,Goldleaf Quay,community_kits,673,2,5,6,0,676,676,0,Complete,,FALSE
2026-04-01,2026-04,HUSH,Hush River,adult_print,13462,35,28,0,8,13461,13461,0,Complete,,FALSE
2026-04-01,2026-04,HUSH,Hush River,youth_print,8278,100,40,0,0,8338,8338,0,Complete,,FALSE
2026-04-01,2026-04,HUSH,Hush River,audio_video,3166,32,35,13,0,3176,3176,0,Complete,,FALSE
2026-04-01,2026-04,HUSH,Hush River,community_kits,484,1,1,16,0,500,500,0,Complete,,FALSE
2026-04-01,2026-04,INDI,Indigo Point,adult_print,14544,156,162,0,0,14538,14538,0,Complete,,FALSE
2026-04-01,2026-04,INDI,Indigo Point,youth_print,9473,59,69,0,10,9453,9453,0,Complete,,FALSE
2026-04-01,2026-04,INDI,Indigo Point,audio_video,3913,30,6,0,0,3937,3937,0,Complete,,FALSE
2026-04-01,2026-04,INDI,Indigo Point,community_kits,65,3,2,0,0,66,66,0,Complete,,FALSE
2026-05-01,2026-05,ASTR,Aster Hollow,adult_print,11926,166,108,0,0,11984,11984,0,Complete,,FALSE
2026-05-01,2026-05,ASTR,Aster Hollow,youth_print,7177,85,64,0,0,7198,7198,0,Complete,,FALSE
2026-05-01,2026-05,ASTR,Aster Hollow,audio_video,3183,17,11,12,6,3195,3195,0,Complete,,FALSE
2026-05-01,2026-05,ASTR,Aster Hollow,community_kits,419,1,4,21,0,437,437,0,Complete,,FALSE
2026-05-01,2026-05,BRYK,Bryn Creek,adult_print,17167,148,33,0,0,17282,17282,0,Complete,,FALSE
2026-05-01,2026-05,BRYK,Bryn Creek,youth_print,10442,132,74,0,0,10500,10500,0,Complete,,FALSE
2026-05-01,2026-05,BRYK,Bryn Creek,audio_video,4113,49,38,6,0,4130,4130,0,Complete,,FALSE
2026-05-01,2026-05,BRYK,Bryn Creek,community_kits,645,6,6,0,0,645,645,0,Complete,,FALSE
2026-05-01,2026-05,CIRR,Cirrus Landing,adult_print,12965,52,104,0,13,12900,12900,0,Complete,,FALSE
2026-05-01,2026-05,CIRR,Cirrus Landing,youth_print,9584,58,98,0,0,9544,9544,0,Complete,,FALSE
2026-05-01,2026-05,CIRR,Cirrus Landing,audio_video,3827,47,9,0,0,3865,3865,0,Complete,,FALSE
2026-05-01,2026-05,CIRR,Cirrus Landing,community_kits,512,5,5,0,0,512,512,0,Complete,,FALSE
2026-05-01,2026-05,DRFT,Driftwood Vale,adult_print,19689,202,213,9,0,19687,19687,0,Complete,,FALSE
2026-05-01,2026-05,DRFT,Driftwood Vale,youth_print,13440,31,140,0,0,13331,13331,0,Complete,,FALSE
2026-05-01,2026-05,DRFT,Driftwood Vale,audio_video,4783,65,4,0,0,4844,4844,0,Complete,,FALSE
2026-05-01,2026-05,DRFT,Driftwood Vale,community_kits,726,5,0,0,0,731,731,0,Complete,,FALSE
2026-05-01,2026-05,ECHO,Echo Meadow,adult_print,11786,65,13,0,9,11829,11829,0,Complete,,FALSE
2026-05-01,2026-05,ECHO,Echo Meadow,youth_print,7207,43,63,0,10,7177,7177,0,Complete,,FALSE
2026-05-01,2026-05,ECHO,Echo Meadow,audio_video,2957,2,36,0,12,2911,2911,0,Complete,,FALSE
2026-05-01,2026-05,ECHO,Echo Meadow,community_kits,435,3,2,0,16,420,420,0,Complete,,FALSE
2026-05-01,2026-05,FERN,Fernhaven,adult_print,16675,95,131,0,0,16639,16639,0,Complete,,FALSE
2026-05-01,2026-05,FERN,Fernhaven,youth_print,10226,135,34,10,0,10337,10337,0,Complete,,FALSE
2026-05-01,2026-05,FERN,Fernhaven,audio_video,4373,41,55,0,0,4359,4359,0,Complete,,FALSE
2026-05-01,2026-05,FERN,Fernhaven,community_kits,534,2,7,0,5,524,524,0,Complete,,FALSE
2026-05-01,2026-05,GOLD,Goldleaf Quay,adult_print,17709,43,187,0,0,17565,17565,0,Complete,,FALSE
2026-05-01,2026-05,GOLD,Goldleaf Quay,youth_print,11953,78,73,0,0,11958,11958,0,Complete,,FALSE
2026-05-01,2026-05,GOLD,Goldleaf Quay,audio_video,4977,3,53,0,0,4927,4927,0,Complete,,FALSE
2026-05-01,2026-05,GOLD,Goldleaf Quay,community_kits,676,1,1,0,0,676,676,0,Complete,,FALSE
2026-05-01,2026-05,HUSH,Hush River,adult_print,13461,28,108,0,0,13381,13381,0,Complete,,FALSE
2026-05-01,2026-05,HUSH,Hush River,youth_print,8338,89,62,0,13,8352,8352,0,Complete,,FALSE
2026-05-01,2026-05,HUSH,Hush River,audio_video,3176,2,16,0,0,3162,3162,0,Complete,,FALSE
2026-05-01,2026-05,HUSH,Hush River,community_kits,500,4,6,0,0,498,498,0,Complete,,FALSE
2026-05-01,2026-05,INDI,Indigo Point,adult_print,14538,22,10,13,0,14563,14563,0,Complete,,FALSE
2026-05-01,2026-05,INDI,Indigo Point,youth_print,9453,57,111,13,0,9412,9412,0,Complete,,FALSE
2026-05-01,2026-05,INDI,Indigo Point,audio_video,3937,29,27,0,0,3939,3939,0,Complete,,FALSE
2026-05-01,2026-05,INDI,Indigo Point,community_kits,66,0,3,0,0,63,63,0,Complete,,FALSE
2026-06-01,2026-06,ASTR,Aster Hollow,adult_print,11984,31,109,0,0,11906,11906,0,Complete,,FALSE
2026-06-01,2026-06,ASTR,Aster Hollow,youth_print,7198,64,70,0,0,7192,7192,0,Complete,,FALSE
2026-06-01,2026-06,ASTR,Aster Hollow,audio_video,3195,12,31,0,0,3176,3176,0,Complete,,FALSE
2026-06-01,2026-06,ASTR,Aster Hollow,community_kits,437,5,4,11,0,449,449,0,Complete,,FALSE
2026-06-01,2026-06,BRYK,Bryn Creek,adult_print,17282,121,20,0,6,17377,17377,0,Complete,,FALSE
2026-06-01,2026-06,BRYK,Bryn Creek,youth_print,10500,71,80,13,10,10494,10494,0,Complete,,FALSE
2026-06-01,2026-06,BRYK,Bryn Creek,audio_video,4130,30,36,0,0,4124,4124,0,Complete,,FALSE
2026-06-01,2026-06,BRYK,Bryn Creek,community_kits,645,9,1,0,0,653,653,0,Complete,,FALSE
2026-06-01,2026-06,CIRR,Cirrus Landing,adult_print,12900,5,116,11,0,12800,12800,0,Complete,,FALSE
2026-06-01,2026-06,CIRR,Cirrus Landing,youth_print,9544,69,3,0,0,9610,9610,0,Complete,,FALSE
2026-06-01,2026-06,CIRR,Cirrus Landing,audio_video,3865,33,37,0,12,3849,3849,0,Complete,,FALSE
2026-06-01,2026-06,CIRR,Cirrus Landing,community_kits,512,3,6,0,0,509,509,0,Complete,,FALSE
2026-06-01,2026-06,DRFT,Driftwood Vale,adult_print,19687,271,7,0,11,19940,19940,0,Complete,,FALSE
2026-06-01,2026-06,DRFT,Driftwood Vale,youth_print,13331,142,143,0,0,13330,13330,0,Complete,,FALSE
2026-06-01,2026-06,DRFT,Driftwood Vale,audio_video,4844,33,52,0,11,4814,4814,0,Complete,,FALSE
2026-06-01,2026-06,DRFT,Driftwood Vale,community_kits,731,5,7,0,21,708,708,0,Complete,,FALSE
2026-06-01,2026-06,ECHO,Echo Meadow,adult_print,11829,107,1,0,0,11935,11935,0,Complete,,FALSE
2026-06-01,2026-06,ECHO,Echo Meadow,youth_print,7177,60,28,0,0,7209,7209,0,Complete,,FALSE
2026-06-01,2026-06,ECHO,Echo Meadow,audio_video,2911,31,8,11,0,2945,2945,0,Complete,,FALSE
2026-06-01,2026-06,ECHO,Echo Meadow,community_kits,420,2,5,0,0,417,417,0,Complete,,FALSE
2026-06-01,2026-06,FERN,Fernhaven,adult_print,16639,65,183,0,0,16521,16521,0,Complete,,FALSE
2026-06-01,2026-06,FERN,Fernhaven,youth_print,10337,97,60,0,0,10374,10374,0,Complete,,FALSE
2026-06-01,2026-06,FERN,Fernhaven,audio_video,4359,16,45,0,0,4330,4330,0,Complete,,FALSE
2026-06-01,2026-06,FERN,Fernhaven,community_kits,524,0,7,10,0,527,527,0,Complete,,FALSE
2026-06-01,2026-06,GOLD,Goldleaf Quay,adult_print,17565,127,12,0,0,17680,17680,0,Complete,,FALSE
2026-06-01,2026-06,GOLD,Goldleaf Quay,youth_print,11958,105,451,10,0,11622,11622,0,Complete,,FALSE
2026-06-01,2026-06,GOLD,Goldleaf Quay,audio_video,4927,24,27,0,0,4924,4924,0,Complete,,FALSE
2026-06-01,2026-06,GOLD,Goldleaf Quay,community_kits,676,7,7,0,0,676,676,0,Complete,,FALSE
2026-06-01,2026-06,HUSH,Hush River,adult_print,13381,38,112,0,0,13307,13307,0,Complete,,FALSE
2026-06-01,2026-06,HUSH,Hush River,youth_print,8352,98,108,0,0,8342,8342,0,Complete,,FALSE
2026-06-01,2026-06,HUSH,Hush River,audio_video,3162,5,5,0,0,3162,3162,0,Complete,,FALSE
2026-06-01,2026-06,HUSH,Hush River,community_kits,498,0,5,0,0,493,493,0,Complete,,FALSE
2026-06-01,2026-06,INDI,Indigo Point,adult_print,14563,135,135,6,0,14569,14569,0,Complete,,FALSE
2026-06-01,2026-06,INDI,Indigo Point,youth_print,9412,3,38,0,13,9364,9364,0,Complete,,FALSE
2026-06-01,2026-06,INDI,Indigo Point,audio_video,3939,49,16,12,0,3984,3984,0,Complete,,FALSE
2026-06-01,2026-06,INDI,Indigo Point,community_kits,63,0,0,0,0,63,63,0,Complete,,FALSE
2026-07-01,2026-07,ASTR,Aster Hollow,adult_print,11906,55,62,0,10,11889,11889,0,Complete,,FALSE
2026-07-01,2026-07,ASTR,Aster Hollow,youth_print,7192,39,1,4,13,7221,7221,0,Complete,,FALSE
2026-07-01,2026-07,ASTR,Aster Hollow,audio_video,3176,34,20,0,0,3190,3190,0,Complete,,FALSE
2026-07-01,2026-07,ASTR,Aster Hollow,community_kits,449,4,5,0,9,439,439,0,Complete,,FALSE
2026-07-01,2026-07,BRYK,Bryn Creek,adult_print,17377,196,210,0,0,17363,17363,0,Complete,,FALSE
2026-07-01,2026-07,BRYK,Bryn Creek,youth_print,10494,97,87,0,0,10504,10504,0,Complete,,FALSE
2026-07-01,2026-07,BRYK,Bryn Creek,audio_video,4124,24,30,17,0,4135,4135,0,Complete,,FALSE
2026-07-01,2026-07,BRYK,Bryn Creek,community_kits,653,0,3,0,0,650,650,0,Complete,,FALSE
2026-07-01,2026-07,CIRR,Cirrus Landing,adult_print,12800,108,130,0,0,12778,12778,0,Complete,,FALSE
2026-07-01,2026-07,CIRR,Cirrus Landing,youth_print,9610,121,112,13,4,9628,9628,0,Complete,,FALSE
2026-07-01,2026-07,CIRR,Cirrus Landing,audio_video,3849,36,42,0,0,3843,3843,0,Complete,,FALSE
2026-07-01,2026-07,CIRR,Cirrus Landing,community_kits,509,3,5,0,0,507,507,0,Complete,,FALSE
2026-07-01,2026-07,DRFT,Driftwood Vale,adult_print,19940,190,209,0,0,19921,19921,0,Complete,,FALSE
2026-07-01,2026-07,DRFT,Driftwood Vale,youth_print,13330,89,34,0,0,13385,13385,0,Complete,,FALSE
2026-07-01,2026-07,DRFT,Driftwood Vale,audio_video,4814,60,45,0,0,4829,4829,0,Complete,,FALSE
2026-07-01,2026-07,DRFT,Driftwood Vale,community_kits,708,9,7,19,0,729,729,0,Complete,,FALSE
2026-07-01,2026-07,ECHO,Echo Meadow,adult_print,11935,166,45,0,0,12056,12056,0,Complete,,FALSE
2026-07-01,2026-07,ECHO,Echo Meadow,youth_print,7209,92,63,0,0,7238,7238,0,Complete,,FALSE
2026-07-01,2026-07,ECHO,Echo Meadow,audio_video,2945,10,36,10,0,2929,2929,0,Complete,,FALSE
2026-07-01,2026-07,ECHO,Echo Meadow,community_kits,417,1,3,0,0,415,415,0,Complete,,FALSE
2026-07-01,2026-07,FERN,Fernhaven,adult_print,16521,124,125,0,15,16505,16505,0,Complete,,FALSE
2026-07-01,2026-07,FERN,Fernhaven,youth_print,10374,107,83,0,0,10398,10398,0,Complete,,FALSE
2026-07-01,2026-07,FERN,Fernhaven,audio_video,4330,47,55,0,0,4322,4322,0,Complete,,FALSE
2026-07-01,2026-07,FERN,Fernhaven,community_kits,527,6,6,0,0,527,527,0,Complete,,FALSE
2026-07-01,2026-07,GOLD,Goldleaf Quay,adult_print,17680,53,13,10,0,17730,17730,0,Complete,,FALSE
2026-07-01,2026-07,GOLD,Goldleaf Quay,youth_print,11622,62,68,0,0,11616,11616,0,Complete,,FALSE
2026-07-01,2026-07,GOLD,Goldleaf Quay,audio_video,4924,27,21,0,17,4913,4913,0,Complete,,FALSE
2026-07-01,2026-07,GOLD,Goldleaf Quay,community_kits,676,0,5,0,0,671,671,0,Complete,,FALSE
2026-07-01,2026-07,HUSH,Hush River,adult_print,13307,147,0,15,0,13469,13469,0,Complete,,FALSE
2026-07-01,2026-07,HUSH,Hush River,youth_print,8342,24,60,0,0,8306,8306,0,Complete,,FALSE
2026-07-01,2026-07,HUSH,Hush River,audio_video,3162,23,33,0,10,3142,3142,0,Complete,,FALSE
2026-07-01,2026-07,HUSH,Hush River,community_kits,493,4,2,0,10,485,485,0,Complete,,FALSE
2026-07-01,2026-07,INDI,Indigo Point,adult_print,14569,70,153,0,0,14486,14486,0,Complete,,FALSE
2026-07-01,2026-07,INDI,Indigo Point,youth_print,9364,55,75,0,0,9344,9344,0,Complete,,FALSE
2026-07-01,2026-07,INDI,Indigo Point,audio_video,3984,21,28,0,0,3977,3977,0,Complete,,FALSE
2026-07-01,2026-07,INDI,Indigo Point,community_kits,63,3,0,0,0,66,66,0,Complete,,FALSE
2026-08-01,2026-08,ASTR,Aster Hollow,adult_print,11889,57,122,0,0,11824,11824,0,Complete,,FALSE
2026-08-01,2026-08,ASTR,Aster Hollow,youth_print,7221,58,67,0,0,7212,7212,0,Complete,,FALSE
2026-08-01,2026-08,ASTR,Aster Hollow,audio_video,3190,17,5,0,0,3202,3202,0,Complete,,FALSE
2026-08-01,2026-08,ASTR,Aster Hollow,community_kits,439,2,6,0,17,418,418,0,Complete,,FALSE
2026-08-01,2026-08,BRYK,Bryn Creek,adult_print,17363,4,94,5,0,17278,17278,0,Complete,,FALSE
2026-08-01,2026-08,BRYK,Bryn Creek,youth_print,10504,111,46,0,12,10557,10557,0,Complete,,FALSE
2026-08-01,2026-08,BRYK,Bryn Creek,audio_video,4135,48,26,0,0,4157,4157,0,Complete,,FALSE
2026-08-01,2026-08,BRYK,Bryn Creek,community_kits,650,5,7,2,0,650,650,0,Complete,,FALSE
2026-08-01,2026-08,CIRR,Cirrus Landing,adult_print,12778,74,142,0,0,12710,12710,0,Complete,,FALSE
2026-08-01,2026-08,CIRR,Cirrus Landing,youth_print,9628,122,1,0,0,9749,9749,0,Complete,,FALSE
2026-08-01,2026-08,CIRR,Cirrus Landing,audio_video,3843,52,5,0,0,3890,3890,0,Complete,,FALSE
2026-08-01,2026-08,CIRR,Cirrus Landing,community_kits,507,7,4,0,0,510,510,0,Complete,,FALSE
2026-08-01,2026-08,DRFT,Driftwood Vale,adult_print,19921,36,236,0,6,19715,19715,0,Complete,,FALSE
2026-08-01,2026-08,DRFT,Driftwood Vale,youth_print,13385,158,39,12,0,13516,13516,0,Complete,,FALSE
2026-08-01,2026-08,DRFT,Driftwood Vale,audio_video,4829,55,44,3,0,4843,4843,0,Complete,,FALSE
2026-08-01,2026-08,DRFT,Driftwood Vale,community_kits,729,10,4,17,0,752,752,0,Complete,,FALSE
2026-08-01,2026-08,ECHO,Echo Meadow,adult_print,12056,129,30,0,0,12155,12155,0,Complete,,FALSE
2026-08-01,2026-08,ECHO,Echo Meadow,youth_print,7238,44,65,0,17,7200,7200,0,Complete,,FALSE
2026-08-01,2026-08,ECHO,Echo Meadow,audio_video,2929,33,27,0,0,2935,2935,0,Complete,,FALSE
2026-08-01,2026-08,ECHO,Echo Meadow,community_kits,415,5,3,0,2,415,415,0,Complete,,FALSE
2026-08-01,2026-08,FERN,Fernhaven,adult_print,16505,68,169,0,0,16404,16404,0,Complete,,FALSE
2026-08-01,2026-08,FERN,Fernhaven,youth_print,10398,37,65,0,0,10370,10370,0,Complete,,FALSE
2026-08-01,2026-08,FERN,Fernhaven,audio_video,4322,28,27,0,0,4323,4323,0,Complete,,FALSE
2026-08-01,2026-08,FERN,Fernhaven,community_kits,527,7,6,0,0,528,528,0,Complete,,FALSE
2026-08-01,2026-08,GOLD,Goldleaf Quay,adult_print,17730,117,184,6,5,17664,17664,0,Complete,,FALSE
2026-08-01,2026-08,GOLD,Goldleaf Quay,youth_print,11616,127,60,17,0,11700,11700,0,Complete,,FALSE
2026-08-01,2026-08,GOLD,Goldleaf Quay,audio_video,4913,17,51,0,7,4872,4872,0,Complete,,FALSE
2026-08-01,2026-08,GOLD,Goldleaf Quay,community_kits,671,1,2,0,0,670,670,0,Complete,,FALSE
2026-08-01,2026-08,HUSH,Hush River,adult_print,13469,182,90,0,0,13561,13561,0,Complete,,FALSE
2026-08-01,2026-08,HUSH,Hush River,youth_print,8306,1,43,0,0,8264,8264,0,Complete,,FALSE
2026-08-01,2026-08,HUSH,Hush River,audio_video,3142,44,16,0,3,3167,3167,0,Complete,,FALSE
2026-08-01,2026-08,HUSH,Hush River,community_kits,485,3,3,0,0,485,485,0,Complete,,FALSE
2026-08-01,2026-08,INDI,Indigo Point,adult_print,14486,83,88,0,0,14481,14481,0,Complete,,FALSE
2026-08-01,2026-08,INDI,Indigo Point,youth_print,9344,17,69,0,0,9292,9292,0,Complete,,FALSE
2026-08-01,2026-08,INDI,Indigo Point,audio_video,3977,32,4,7,0,4012,4012,0,Complete,,FALSE
2026-08-01,2026-08,INDI,Indigo Point,community_kits,66,2,0,0,0,68,68,0,Complete,,FALSE
2026-09-01,2026-09,ASTR,Aster Hollow,adult_print,11824,160,77,0,3,11904,11904,0,Complete,,TRUE
2026-09-01,2026-09,ASTR,Aster Hollow,youth_print,7212,4,33,0,0,7183,7183,0,Complete,,TRUE
2026-09-01,2026-09,ASTR,Aster Hollow,audio_video,3202,17,22,0,0,3197,3197,0,Complete,,TRUE
2026-09-01,2026-09,ASTR,Aster Hollow,community_kits,418,6,0,0,0,424,424,0,Complete,,TRUE
2026-09-01,2026-09,BRYK,Bryn Creek,adult_print,17278,209,187,3,0,17303,17303,0,Complete,,TRUE
2026-09-01,2026-09,BRYK,Bryn Creek,youth_print,10557,116,64,12,0,10621,10621,0,Complete,,TRUE
2026-09-01,2026-09,BRYK,Bryn Creek,audio_video,4157,35,21,0,0,4171,4171,0,Complete,,TRUE
2026-09-01,2026-09,BRYK,Bryn Creek,community_kits,650,6,6,0,0,650,650,0,Complete,,TRUE
2026-09-01,2026-09,CIRR,Cirrus Landing,adult_print,12710,45,81,0,0,12674,12674,0,Complete,,TRUE
2026-09-01,2026-09,CIRR,Cirrus Landing,youth_print,9749,24,67,0,0,9706,9706,0,Complete,,TRUE
2026-09-01,2026-09,CIRR,Cirrus Landing,audio_video,3890,41,24,0,0,3907,3907,0,Complete,,TRUE
2026-09-01,2026-09,CIRR,Cirrus Landing,community_kits,510,1,6,0,13,492,492,0,Complete,,TRUE
2026-09-01,2026-09,DRFT,Driftwood Vale,adult_print,19715,269,102,0,0,19882,19882,0,Complete,,TRUE
2026-09-01,2026-09,DRFT,Driftwood Vale,youth_print,13516,178,38,0,12,13644,13644,0,Complete,,TRUE
2026-09-01,2026-09,DRFT,Driftwood Vale,audio_video,4843,67,55,0,17,4838,4838,0,Complete,,TRUE
2026-09-01,2026-09,DRFT,Driftwood Vale,community_kits,752,7,1,0,0,758,758,0,Complete,,TRUE
2026-09-01,2026-09,ECHO,Echo Meadow,adult_print,12155,149,23,0,0,12281,12281,0,Complete,,TRUE
2026-09-01,2026-09,ECHO,Echo Meadow,youth_print,7200,70,58,7,0,7219,7219,0,Complete,,TRUE
2026-09-01,2026-09,ECHO,Echo Meadow,audio_video,2935,13,11,0,0,2937,2937,0,Complete,,TRUE
2026-09-01,2026-09,ECHO,Echo Meadow,community_kits,415,1,0,13,0,429,429,0,Complete,,TRUE
2026-09-01,2026-09,FERN,Fernhaven,adult_print,16404,70,127,0,0,16347,16347,0,Complete,,TRUE
2026-09-01,2026-09,FERN,Fernhaven,youth_print,10370,67,132,0,0,10305,10305,0,Complete,,TRUE
2026-09-01,2026-09,FERN,Fernhaven,audio_video,4323,58,7,0,8,4366,4366,0,Complete,,TRUE
2026-09-01,2026-09,FERN,Fernhaven,community_kits,528,5,4,0,17,512,512,0,Complete,,TRUE
2026-09-01,2026-09,GOLD,Goldleaf Quay,adult_print,17664,57,111,0,3,17607,17607,0,Complete,,TRUE
2026-09-01,2026-09,GOLD,Goldleaf Quay,youth_print,11700,97,46,0,0,11770,11751,19,Reconciliation difference,inventory_adjustment_pending,TRUE
2026-09-01,2026-09,GOLD,Goldleaf Quay,audio_video,4872,17,7,0,0,4882,4882,0,Complete,,TRUE
2026-09-01,2026-09,GOLD,Goldleaf Quay,community_kits,670,2,7,17,0,682,682,0,Complete,,TRUE
2026-09-01,2026-09,HUSH,Hush River,adult_print,13561,89,151,0,0,13499,13499,0,Complete,,TRUE
2026-09-01,2026-09,HUSH,Hush River,youth_print,8264,37,30,0,7,8264,8264,0,Complete,,TRUE
2026-09-01,2026-09,HUSH,Hush River,audio_video,3167,13,34,8,0,3154,3154,0,Complete,,TRUE
2026-09-01,2026-09,HUSH,Hush River,community_kits,485,3,1,0,0,487,487,0,Complete,,TRUE
2026-09-01,2026-09,INDI,Indigo Point,adult_print,14481,126,23,3,0,14587,14587,0,Complete,,TRUE
2026-09-01,2026-09,INDI,Indigo Point,youth_print,9292,14,56,0,0,9250,9250,0,Complete,,TRUE
2026-09-01,2026-09,INDI,Indigo Point,audio_video,4012,26,34,17,0,4021,4021,0,Complete,,TRUE
2026-09-01,2026-09,INDI,Indigo Point,community_kits,68,0,2,0,0,66,66,0,Complete,,TRUE
